Week_Start,Week_End,Gross,Attendance,Percent_Capacity,Number_of_Previews,Number_of_Perf
10/6/2003,10/12/2003,"662,666.00","10,519",99%,6,0
10/13/2003,10/19/2003,"821,248.00","13,705",97%,8,0
10/20/2003,10/26/2003,"732,199.00","12,313",99%,7,0
10/27/2003,11/2/2003,"799,286.00","12,577",89%,4,4
11/3/2003,11/9/2003,"892,085.00","13,505",95%,0,8
11/10/2003,11/16/2003,"926,289.00","13,878",98%,0,8
11/17/2003,11/23/2003,"886,753.00","13,648",96%,0,8
11/24/2003,11/30/2003,"1,121,308.00","14,184",100%,0,8
12/1/2003,12/7/2003,"1,010,245.00","13,323",94%,0,8
12/8/2003,12/14/2003,"1,023,594.00","13,518",95%,0,8
12/15/2003,12/21/2003,"1,042,819.00","13,653",96%,0,8
12/22/2003,12/28/2003,"1,182,972.00","14,184",100%,0,8
12/29/2003,1/4/2004,"1,188,937.00","14,184",100%,0,8
1/5/2004,1/11/2004,"1,018,069.00","13,561",96%,0,8
1/12/2004,1/18/2004,"1,013,453.00","13,501",95%,0,8
1/19/2004,1/25/2004,"1,004,090.00","13,487",95%,0,8
1/26/2004,2/1/2004,"951,831.00","13,591",96%,0,8
2/2/2004,2/8/2004,"944,793.00","13,671",96%,0,8
2/9/2004,2/15/2004,"1,001,323.00","13,649",96%,0,8
2/16/2004,2/22/2004,"1,064,731.00","14,184",100%,0,8
2/23/2004,2/29/2004,"1,010,324.00","13,779",97%,0,8
3/1/2004,3/7/2004,"956,417.00","13,170",93%,0,8
3/8/2004,3/14/2004,"1,064,717.00","14,184",100%,0,8
3/15/2004,3/21/2004,"1,081,471.00","14,184",100%,0,8
3/22/2004,3/28/2004,"1,070,189.00","14,184",100%,0,8
3/29/2004,4/4/2004,"1,101,014.00","14,184",100%,0,8
4/5/2004,4/11/2004,"1,134,594.00","14,184",100%,0,8
4/12/2004,4/18/2004,"1,104,830.00","14,184",100%,0,8
4/19/2004,4/25/2004,"1,082,387.00","14,184",100%,0,8
4/26/2004,5/2/2004,"1,065,341.00","14,184",100%,0,8
5/3/2004,5/9/2004,"1,092,029.00","14,153",100%,0,8
5/10/2004,5/16/2004,"1,080,711.00","14,184",100%,0,8
5/17/2004,5/23/2004,"1,106,282.00","14,184",100%,0,8
5/24/2004,5/30/2004,"1,107,202.00","14,184",100%,0,8
5/31/2004,6/6/2004,"953,935.00","12,411",100%,0,7
6/7/2004,6/13/2004,"1,270,693.00","15,957",100%,0,9
6/14/2004,6/20/2004,"1,124,528.00","14,184",100%,0,8
6/21/2004,6/27/2004,"1,135,355.00","14,184",100%,0,8
6/28/2004,7/4/2004,"1,142,867.00","14,184",100%,0,8
7/5/2004,7/11/2004,"1,142,433.00","14,184",100%,0,8
7/12/2004,7/18/2004,"1,166,136.00","14,184",100%,0,8
7/19/2004,7/25/2004,"1,172,927.00","14,184",100%,0,8
7/26/2004,8/1/2004,"1,174,985.00","14,184",100%,0,8
8/2/2004,8/8/2004,"1,187,804.00","14,472",100%,0,8
8/9/2004,8/15/2004,"1,190,775.00","14,472",100%,0,8
8/16/2004,8/22/2004,"1,201,761.00","14,472",100%,0,8
8/23/2004,8/29/2004,"1,204,709.00","14,472",100%,0,8
8/30/2004,9/5/2004,"1,211,753.00","14,472",100%,0,8
9/6/2004,9/12/2004,"1,192,471.00","14,472",100%,0,8
9/13/2004,9/19/2004,"1,165,487.00","14,236",98%,0,8
9/20/2004,9/26/2004,"1,172,291.00","14,472",100%,0,8
9/27/2004,10/3/2004,"1,178,866.00","14,472",100%,0,8
10/4/2004,10/10/2004,"1,202,536.00","14,472",100%,0,8
10/11/2004,10/17/2004,"1,180,266.00","14,472",100%,0,8
10/18/2004,10/24/2004,"1,185,795.00","14,472",100%,0,8
10/25/2004,10/31/2004,"1,195,979.00","14,472",100%,0,8
11/1/2004,11/7/2004,"1,196,658.00","14,472",100%,0,8
11/8/2004,11/14/2004,"1,196,397.00","14,472",100%,0,8
11/15/2004,11/21/2004,"1,212,075.00","14,472",100%,0,8
11/22/2004,11/28/2004,"1,274,459.00","14,472",100%,0,8
11/29/2004,12/5/2004,"1,215,046.00","14,472",100%,0,8
12/6/2004,12/12/2004,"1,228,233.00","14,472",100%,0,8
12/13/2004,12/19/2004,"1,241,941.00","14,472",100%,0,8
12/20/2004,12/26/2004,"1,266,203.00","14,472",100%,0,8
12/27/2004,1/2/2005,"1,276,328.00","14,472",100%,0,8
1/3/2005,1/9/2005,"1,258,911.00","14,472",100%,0,8
1/10/2005,1/16/2005,"1,246,349.00","14,472",100%,0,8
1/17/2005,1/23/2005,"1,232,405.00","14,472",100%,0,8
1/24/2005,1/30/2005,"1,226,773.00","14,472",100%,0,8
1/31/2005,2/6/2005,"1,203,023.00","14,384",99%,0,8
2/7/2005,2/13/2005,"1,200,119.00","14,400",100%,0,8
2/14/2005,2/20/2005,"1,241,283.00","14,472",100%,0,8
2/21/2005,2/27/2005,"1,269,846.00","14,472",100%,0,8
2/28/2005,3/6/2005,"1,211,643.00","14,472",100%,0,8
3/7/2005,3/13/2005,"1,210,505.00","14,472",100%,0,8
3/14/2005,3/20/2005,"1,202,076.00","14,472",100%,0,8
3/21/2005,3/27/2005,"1,211,713.00","14,472",100%,0,8
3/28/2005,4/3/2005,"1,261,177.00","14,472",100%,0,8
4/4/2005,4/10/2005,"1,201,309.00","14,472",100%,0,8
4/11/2005,4/17/2005,"1,203,281.00","14,472",100%,0,8
4/18/2005,4/24/2005,"1,215,733.00","14,472",100%,0,8
4/25/2005,5/1/2005,"1,255,997.00","14,472",100%,0,8
5/2/2005,5/8/2005,"1,230,678.00","14,472",100%,0,8
5/9/2005,5/15/2005,"1,246,462.00","14,472",100%,0,8
5/16/2005,5/22/2005,"1,243,774.00","14,472",100%,0,8
5/23/2005,5/29/2005,"1,255,567.00","14,472",100%,0,8
5/30/2005,6/5/2005,"1,249,964.00","14,472",100%,0,8
6/6/2005,6/12/2005,"1,265,536.00","14,472",100%,0,8
6/13/2005,6/19/2005,"1,267,274.00","14,472",100%,0,8
6/20/2005,6/26/2005,"1,265,311.00","14,472",100%,0,8
6/27/2005,7/3/2005,"1,290,478.00","14,472",100%,0,8
7/4/2005,7/10/2005,"1,302,256.00","14,472",100%,0,8
7/11/2005,7/17/2005,"1,297,582.00","14,472",100%,0,8
7/18/2005,7/24/2005,"1,307,492.00","14,472",100%,0,8
7/25/2005,7/31/2005,"1,311,651.00","14,472",100%,0,8
8/1/2005,8/7/2005,"1,312,297.00","14,472",100%,0,8
8/8/2005,8/14/2005,"1,314,515.00","14,472",100%,0,8
8/15/2005,8/21/2005,"1,312,017.00","14,472",100%,0,8
8/22/2005,8/28/2005,"1,317,421.00","14,472",100%,0,8
8/29/2005,9/4/2005,"1,320,047.00","14,472",100%,0,8
9/5/2005,9/11/2005,"1,276,941.00","14,472",100%,0,8
9/12/2005,9/18/2005,"1,249,010.00","14,314",99%,0,8
9/19/2005,9/25/2005,"1,263,292.00","14,472",100%,0,8
9/26/2005,10/2/2005,"1,266,499.00","14,472",100%,0,8
10/3/2005,10/9/2005,"1,305,035.00","14,472",100%,0,8
10/10/2005,10/16/2005,"1,281,947.00","14,472",100%,0,8
10/17/2005,10/23/2005,"1,301,198.00","14,472",100%,0,8
10/24/2005,10/30/2005,"1,291,006.00","14,472",100%,0,8
10/31/2005,11/6/2005,"1,304,041.00","14,472",100%,0,8
11/7/2005,11/13/2005,"1,318,294.00","14,472",100%,0,8
11/14/2005,11/20/2005,"1,317,881.00","14,472",100%,0,8
11/21/2005,11/27/2005,"1,521,159.00","14,472",100%,0,8
11/28/2005,12/4/2005,"1,351,144.00","14,472",100%,0,8
12/5/2005,12/11/2005,"1,345,796.00","14,472",100%,0,8
12/12/2005,12/18/2005,"1,350,164.00","14,472",100%,0,8
12/19/2005,12/25/2005,"1,439,603.00","14,472",100%,0,8
12/26/2005,1/1/2006,"1,610,934.00","14,472",100%,0,8
1/2/2006,1/8/2006,"1,360,955.00","14,472",100%,0,8
1/9/2006,1/15/2006,"1,362,006.00","14,472",100%,0,8
1/16/2006,1/22/2006,"1,336,485.00","14,390",99%,0,8
1/23/2006,1/29/2006,"1,346,750.00","14,472",100%,0,8
1/30/2006,2/5/2006,"1,303,981.00","14,226",98%,0,8
2/6/2006,2/12/2006,"1,315,139.00","14,436",100%,0,8
2/13/2006,2/19/2006,"1,360,859.00","14,417",100%,0,8
2/20/2006,2/26/2006,"1,411,120.00","14,472",100%,0,8
2/27/2006,3/5/2006,"1,327,337.00","14,472",100%,0,8
3/6/2006,3/12/2006,"1,327,886.00","14,472",100%,0,8
3/13/2006,3/19/2006,"1,338,102.00","14,472",100%,0,8
3/20/2006,3/26/2006,"1,341,200.00","14,472",100%,0,8
3/27/2006,4/2/2006,"1,335,008.00","14,472",100%,0,8
4/3/2006,4/9/2006,"1,354,481.00","14,472",100%,0,8
4/10/2006,4/16/2006,"1,454,174.00","14,472",100%,0,8
4/17/2006,4/23/2006,"1,440,426.00","14,472",100%,0,8
4/24/2006,4/30/2006,"1,310,827.00","14,472",100%,0,8
5/1/2006,5/7/2006,"1,331,209.00","14,472",100%,0,8
5/8/2006,5/14/2006,"1,346,016.00","14,472",100%,0,8
5/15/2006,5/21/2006,"1,355,903.00","14,472",100%,0,8
5/22/2006,5/28/2006,"1,350,004.00","14,472",100%,0,8
5/29/2006,6/4/2006,"1,341,770.00","14,472",100%,0,8
6/5/2006,6/11/2006,"1,340,915.00","14,472",100%,0,8
6/12/2006,6/18/2006,"1,365,387.00","14,472",100%,0,8
6/19/2006,6/25/2006,"1,405,687.00","14,472",100%,0,8
6/26/2006,7/2/2006,"1,431,843.00","14,472",100%,0,8
7/3/2006,7/9/2006,"1,438,551.00","14,472",100%,0,8
7/10/2006,7/16/2006,"1,438,835.00","14,472",100%,0,8
7/17/2006,7/23/2006,"1,443,757.00","14,472",100%,0,8
7/24/2006,7/30/2006,"1,443,870.00","14,472",100%,0,8
7/31/2006,8/6/2006,"1,448,975.00","14,472",100%,0,8
8/7/2006,8/13/2006,"1,452,320.00","14,472",100%,0,8
8/14/2006,8/20/2006,"1,446,082.00","14,472",100%,0,8
8/21/2006,8/27/2006,"1,424,998.00","14,472",100%,0,8
8/28/2006,9/3/2006,"1,452,817.00","14,472",100%,0,8
9/4/2006,9/10/2006,"1,376,769.00","14,440",100%,0,8
9/11/2006,9/17/2006,"1,389,174.00","14,422",100%,0,8
9/18/2006,9/24/2006,"1,367,250.00","14,356",99%,0,8
9/25/2006,10/1/2006,"1,383,737.00","14,403",100%,0,8
10/2/2006,10/8/2006,"1,410,150.00","14,472",100%,0,8
10/9/2006,10/15/2006,"1,411,174.00","14,472",100%,0,8
10/16/2006,10/22/2006,"1,412,444.00","14,472",100%,0,8
10/23/2006,10/29/2006,"1,408,440.00","14,472",100%,0,8
10/30/2006,11/5/2006,"1,385,490.00","14,378",99%,0,8
11/6/2006,11/12/2006,"1,402,177.00","14,472",100%,0,8
11/13/2006,11/19/2006,"1,386,066.00","14,343",99%,0,8
11/20/2006,11/26/2006,"1,715,156.00","14,472",100%,0,8
11/27/2006,12/3/2006,"1,413,336.00","14,333",99%,0,8
12/4/2006,12/10/2006,"1,450,534.00","14,472",100%,0,8
12/11/2006,12/17/2006,"1,440,294.00","14,472",100%,0,8
12/18/2006,12/24/2006,"1,681,134.00","14,472",100%,0,8
12/25/2006,12/31/2006,"1,800,310.00","14,472",100%,0,8
1/1/2007,1/7/2007,"1,404,787.00","14,472",100%,0,8
1/8/2007,1/14/2007,"1,408,037.00","14,472",100%,0,8
1/15/2007,1/21/2007,"1,365,614.00","14,406",100%,0,8
1/22/2007,1/28/2007,"1,349,148.00","14,281",99%,0,8
1/29/2007,2/4/2007,"1,314,391.00","13,951",96%,0,8
2/5/2007,2/11/2007,"1,307,183.00","14,187",98%,0,8
2/12/2007,2/18/2007,"1,407,207.00","14,299",99%,0,8
2/19/2007,2/25/2007,"1,452,306.00","14,472",100%,0,8
2/26/2007,3/4/2007,"1,355,906.00","14,387",99%,0,8
3/5/2007,3/11/2007,"1,370,150.00","14,461",100%,0,8
3/12/2007,3/18/2007,"1,388,693.00","14,472",100%,0,8
3/19/2007,3/25/2007,"1,380,917.00","14,472",100%,0,8
3/26/2007,4/1/2007,"1,392,168.00","14,472",100%,0,8
4/2/2007,4/8/2007,"1,467,527.00","14,472",100%,0,8
4/9/2007,4/15/2007,"1,487,336.00","14,472",100%,0,8
4/16/2007,4/22/2007,"1,401,980.00","14,472",100%,0,8
4/23/2007,4/29/2007,"1,389,502.00","14,472",100%,0,8
4/30/2007,5/6/2007,"1,384,931.00","14,472",100%,0,8
5/7/2007,5/13/2007,"1,390,500.00","14,472",100%,0,8
5/14/2007,5/20/2007,"1,389,293.00","14,472",100%,0,8
5/21/2007,5/27/2007,"1,404,241.00","14,472",100%,0,8
5/28/2007,6/3/2007,"1,388,636.00","14,472",100%,0,8
6/4/2007,6/10/2007,"1,401,805.00","14,472",100%,0,8
6/11/2007,6/17/2007,"1,426,820.00","14,472",100%,0,8
6/18/2007,6/24/2007,"1,445,474.00","14,472",100%,0,8
6/25/2007,7/1/2007,"1,455,985.00","14,472",100%,0,8
7/2/2007,7/8/2007,"1,469,948.00","14,472",100%,0,8
7/9/2007,7/15/2007,"1,468,400.00","14,472",100%,0,8
7/16/2007,7/22/2007,"1,472,649.00","14,472",100%,0,8
7/23/2007,7/29/2007,"1,480,955.00","14,472",100%,0,8
7/30/2007,8/5/2007,"1,489,919.00","14,472",100%,0,8
8/6/2007,8/12/2007,"1,492,271.00","14,472",100%,0,8
8/13/2007,8/19/2007,"1,483,860.00","14,472",100%,0,8
8/20/2007,8/26/2007,"1,472,393.00","14,472",100%,0,8
8/27/2007,9/2/2007,"1,480,508.00","14,472",100%,0,8
9/3/2007,9/9/2007,"1,383,807.00","14,177",98%,0,8
9/10/2007,9/16/2007,"1,353,236.00","14,173",98%,0,8
9/17/2007,9/23/2007,"1,405,642.00","14,323",99%,0,8
9/24/2007,9/30/2007,"1,401,662.00","14,243",98%,0,8
10/1/2007,10/7/2007,"1,398,878.00","14,265",99%,0,8
10/8/2007,10/14/2007,"1,433,557.00","14,278",99%,0,8
10/15/2007,10/21/2007,"1,449,978.00","14,454",100%,0,8
10/22/2007,10/28/2007,"1,435,731.00","14,401",100%,0,8
10/29/2007,11/4/2007,"1,335,757.00","14,456",100%,0,8
11/5/2007,11/11/2007,"852,843.00","8,942",99%,0,5
11/26/2007,12/2/2007,"941,588.00","9,045",100%,0,5
12/3/2007,12/9/2007,"1,446,244.00","14,468",100%,0,8
12/10/2007,12/16/2007,"1,449,240.00","14,420",100%,0,8
12/17/2007,12/23/2007,"1,707,129.00","14,472",100%,0,8
12/24/2007,12/30/2007,"1,839,950.00","14,472",100%,0,8
12/31/2007,1/6/2008,"1,494,991.00","14,472",100%,0,8
1/7/2008,1/13/2008,"1,400,269.00","14,181",98%,0,8
1/14/2008,1/20/2008,"1,371,768.00","13,888",96%,0,8
1/21/2008,1/27/2008,"1,343,579.00","14,341",99%,0,8
1/28/2008,2/3/2008,"1,344,206.00","14,268",99%,0,8
2/4/2008,2/10/2008,"1,310,705.00","14,132",98%,0,8
2/11/2008,2/17/2008,"1,363,888.00","14,211",98%,0,8
2/18/2008,2/24/2008,"1,507,849.00","14,472",100%,0,8
2/25/2008,3/2/2008,"1,360,610.00","14,472",100%,0,8
3/3/2008,3/9/2008,"1,378,638.00","14,152",98%,0,8
3/10/2008,3/16/2008,"1,456,447.00","14,472",100%,0,8
3/17/2008,3/23/2008,"1,503,737.00","14,472",100%,0,8
3/24/2008,3/30/2008,"1,544,646.00","14,472",100%,0,8
3/31/2008,4/6/2008,"1,501,041.00","14,472",100%,0,8
4/7/2008,4/13/2008,"1,506,420.00","14,472",100%,0,8
4/14/2008,4/20/2008,"1,507,124.00","14,472",100%,0,8
4/21/2008,4/27/2008,"1,468,682.00","14,472",100%,0,8
4/28/2008,5/4/2008,"1,439,333.00","14,472",100%,0,8
5/5/2008,5/11/2008,"1,434,150.00","14,472",100%,0,8
5/12/2008,5/18/2008,"1,446,047.00","14,472",100%,0,8
5/19/2008,5/25/2008,"1,451,486.00","14,472",100%,0,8
5/26/2008,6/1/2008,"1,432,317.00","14,472",100%,0,8
6/2/2008,6/8/2008,"1,447,560.00","14,472",100%,0,8
6/9/2008,6/15/2008,"1,457,315.00","14,472",100%,0,8
6/16/2008,6/22/2008,"1,475,342.00","14,472",100%,0,8
6/23/2008,6/29/2008,"1,501,368.00","14,472",100%,0,8
6/30/2008,7/6/2008,"1,518,261.00","14,472",100%,0,8
7/7/2008,7/13/2008,"1,513,604.00","14,472",100%,0,8
7/14/2008,7/20/2008,"1,522,706.00","14,472",100%,0,8
7/21/2008,7/27/2008,"1,522,686.00","14,472",100%,0,8
7/28/2008,8/3/2008,"1,533,498.00","14,472",100%,0,8
8/4/2008,8/10/2008,"1,534,964.00","14,472",100%,0,8
8/11/2008,8/17/2008,"1,527,832.00","14,472",100%,0,8
8/18/2008,8/24/2008,"1,511,914.00","14,472",100%,0,8
8/25/2008,8/31/2008,"1,521,795.00","14,472",100%,0,8
9/1/2008,9/7/2008,"1,351,513.00","14,214",98%,0,8
9/8/2008,9/14/2008,"1,351,548.00","14,185",98%,0,8
9/15/2008,9/21/2008,"1,391,903.00","14,249",98%,0,8
9/22/2008,9/28/2008,"1,383,988.00","14,238",98%,0,8
9/29/2008,10/5/2008,"1,402,931.00","14,472",100%,0,8
10/6/2008,10/12/2008,"1,419,612.00","14,151",98%,0,8
10/13/2008,10/19/2008,"1,431,479.00","14,472",100%,0,8
10/20/2008,10/26/2008,"1,418,491.00","14,377",99%,0,8
10/27/2008,11/2/2008,"1,403,819.00","14,255",99%,0,8
11/3/2008,11/9/2008,"1,363,108.00","13,665",94%,0,8
11/10/2008,11/16/2008,"1,305,090.00","13,575",94%,0,8
11/17/2008,11/23/2008,"1,325,394.00","14,114",98%,0,8
11/24/2008,11/30/2008,"1,800,907.00","14,472",100%,0,8
12/1/2008,12/7/2008,"1,402,358.00","13,692",95%,0,8
12/8/2008,12/14/2008,"1,430,967.00","13,992",97%,0,8
12/15/2008,12/21/2008,"1,499,186.00","14,472",100%,0,8
12/22/2008,12/28/2008,"1,803,262.00","14,472",100%,0,8
12/29/2008,1/4/2009,"1,769,489.00","14,472",100%,0,8
1/5/2009,1/11/2009,"1,365,879.00","14,193",98%,0,8
1/12/2009,1/18/2009,"1,302,387.00","13,457",93%,0,8
1/19/2009,1/25/2009,"1,236,816.00","13,601",94%,0,8
1/26/2009,2/1/2009,"1,212,812.00","13,649",94%,0,8
2/2/2009,2/8/2009,"1,169,304.00","13,194",91%,0,8
2/9/2009,2/15/2009,"1,228,776.00","13,545",94%,0,8
2/16/2009,2/22/2009,"1,449,915.00","14,472",100%,0,8
2/23/2009,3/1/2009,"1,241,055.00","13,709",95%,0,8
3/2/2009,3/8/2009,"1,231,466.00","13,933",96%,0,8
3/9/2009,3/15/2009,"1,305,496.00","14,215",98%,0,8
3/16/2009,3/22/2009,"1,444,495.00","14,472",100%,0,8
3/23/2009,3/29/2009,"1,413,721.00","14,472",100%,0,8
3/30/2009,4/5/2009,"1,408,086.00","14,133",98%,0,8
4/6/2009,4/12/2009,"1,524,141.00","14,472",100%,0,8
4/13/2009,4/19/2009,"1,539,124.00","14,472",100%,0,8
4/20/2009,4/26/2009,"1,458,664.00","14,336",99%,0,8
4/27/2009,5/3/2009,"1,384,780.00","14,462",100%,0,8
5/4/2009,5/10/2009,"1,380,171.00","14,405",100%,0,8
5/11/2009,5/17/2009,"1,403,974.00","14,472",100%,0,8
5/18/2009,5/24/2009,"1,416,179.00","14,472",100%,0,8
5/25/2009,5/31/2009,"1,552,347.00","14,472",100%,0,8
6/1/2009,6/7/2009,"1,545,886.00","14,472",100%,0,8
6/8/2009,6/14/2009,"1,572,092.00","14,472",100%,0,8
6/15/2009,6/21/2009,"1,579,549.00","14,472",100%,0,8
6/22/2009,6/28/2009,"1,606,120.00","14,472",100%,0,8
6/29/2009,7/5/2009,"1,573,163.00","14,445",100%,0,8
7/6/2009,7/12/2009,"1,616,649.00","14,472",100%,0,8
7/13/2009,7/19/2009,"1,634,385.00","14,472",100%,0,8
7/20/2009,7/26/2009,"1,632,856.00","14,472",100%,0,8
7/27/2009,8/2/2009,"1,627,239.00","14,472",100%,0,8
8/3/2009,8/9/2009,"1,649,459.00","14,472",100%,0,8
8/10/2009,8/16/2009,"1,645,488.00","14,472",100%,0,8
8/17/2009,8/23/2009,"1,634,843.00","14,472",100%,0,8
8/24/2009,8/30/2009,"1,609,027.00","14,472",100%,0,8
8/31/2009,9/6/2009,"1,549,937.00","14,364",99%,0,8
9/7/2009,9/13/2009,"1,406,548.00","13,970",97%,0,8
9/14/2009,9/20/2009,"1,441,683.00","14,207",98%,0,8
9/21/2009,9/27/2009,"1,481,120.00","14,387",99%,0,8
9/28/2009,10/4/2009,"1,470,532.00","13,997",97%,0,8
10/5/2009,10/11/2009,"1,552,645.00","14,472",100%,0,8
10/12/2009,10/18/2009,"1,554,561.00","14,472",100%,0,8
10/19/2009,10/25/2009,"1,525,772.00","14,431",100%,0,8
10/26/2009,11/1/2009,"1,489,548.00","14,302",99%,0,8
11/2/2009,11/8/2009,"1,511,167.00","14,035",97%,0,8
11/9/2009,11/15/2009,"1,549,328.00","14,330",99%,0,8
11/16/2009,11/22/2009,"1,430,006.00","13,343",92%,0,8
11/23/2009,11/29/2009,"2,086,135.00","14,472",100%,0,8
11/30/2009,12/6/2009,"1,535,600.00","13,698",95%,0,8
12/7/2009,12/13/2009,"1,624,400.00","14,391",99%,0,8
12/14/2009,12/20/2009,"1,604,791.00","14,291",99%,0,8
12/21/2009,12/27/2009,"2,092,745.00","14,472",100%,0,8
12/28/2009,1/3/2010,"2,125,740.00","14,472",100%,0,8
1/4/2010,1/10/2010,"1,539,959.00","14,472",100%,0,8
1/11/2010,1/17/2010,"1,460,131.00","13,914",96%,0,8
1/18/2010,1/24/2010,"1,377,097.00","13,872",96%,0,8
1/25/2010,1/31/2010,"1,337,056.00","13,863",96%,0,8
2/1/2010,2/7/2010,"1,285,902.00","13,506",93%,0,8
2/8/2010,2/14/2010,"1,359,810.00","13,620",94%,0,8
2/15/2010,2/21/2010,"1,602,783.00","14,472",100%,0,8
2/22/2010,2/28/2010,"1,353,808.00","14,164",98%,0,8
3/1/2010,3/7/2010,"1,337,882.00","14,215",98%,0,8
3/8/2010,3/14/2010,"1,505,286.00","14,472",100%,0,8
3/15/2010,3/21/2010,"1,583,765.00","14,472",100%,0,8
3/22/2010,3/28/2010,"1,565,719.00","14,472",100%,0,8
3/29/2010,4/4/2010,"1,686,510.00","14,472",100%,0,8
4/5/2010,4/11/2010,"1,678,013.00","14,472",100%,0,8
4/12/2010,4/18/2010,"1,561,198.00","14,452",100%,0,8
4/19/2010,4/25/2010,"1,565,019.00","14,472",100%,0,8
4/26/2010,5/2/2010,"1,510,925.00","14,378",99%,0,8
5/3/2010,5/9/2010,"1,529,199.00","14,300",99%,0,8
5/10/2010,5/16/2010,"1,549,754.00","14,472",100%,0,8
5/17/2010,5/23/2010,"1,576,010.00","14,472",100%,0,8
5/24/2010,5/30/2010,"1,570,390.00","14,472",100%,0,8
5/31/2010,6/6/2010,"1,570,925.00","14,472",100%,0,8
6/7/2010,6/13/2010,"1,614,485.00","14,472",100%,0,8
6/14/2010,6/20/2010,"1,620,876.00","14,472",100%,0,8
6/21/2010,6/27/2010,"1,641,718.00","14,472",100%,0,8
6/28/2010,7/4/2010,"1,620,851.00","14,472",100%,0,8
7/5/2010,7/11/2010,"1,650,562.00","14,472",100%,0,8
7/12/2010,7/18/2010,"1,681,570.00","14,472",100%,0,8
7/19/2010,7/25/2010,"1,707,154.00","14,472",100%,0,8
7/26/2010,8/1/2010,"1,720,540.00","14,472",100%,0,8
8/2/2010,8/8/2010,"1,745,925.00","14,472",100%,0,8
8/9/2010,8/15/2010,"1,733,834.00","14,472",100%,0,8
8/16/2010,8/22/2010,"1,688,034.00","14,472",100%,0,8
8/23/2010,8/29/2010,"1,664,108.00","14,472",100%,0,8
8/30/2010,9/5/2010,"1,622,078.00","14,472",100%,0,8
9/6/2010,9/12/2010,"1,400,569.00","13,742",95%,0,8
9/13/2010,9/19/2010,"1,479,055.00","14,331",99%,0,8
9/20/2010,9/26/2010,"1,495,013.00","14,447",100%,0,8
9/27/2010,10/3/2010,"1,507,992.00","14,415",100%,0,8
10/4/2010,10/10/2010,"1,602,698.00","14,334",99%,0,8
10/11/2010,10/17/2010,"1,576,947.00","14,472",100%,0,8
10/18/2010,10/24/2010,"1,573,370.00","14,455",100%,0,8
10/25/2010,10/31/2010,"1,541,013.00","14,472",100%,0,8
11/1/2010,11/7/2010,"1,547,866.00","14,237",98%,0,8
11/8/2010,11/14/2010,"1,567,087.00","14,185",98%,0,8
11/15/2010,11/21/2010,"1,509,711.00","13,933",96%,0,8
11/22/2010,11/28/2010,"2,150,665.00","14,472",100%,0,8
11/29/2010,12/5/2010,"1,566,919.00","13,671",94%,0,8
12/6/2010,12/12/2010,"1,645,313.00","14,211",98%,0,8
12/13/2010,12/19/2010,"1,631,743.00","14,174",98%,0,8
12/20/2010,12/26/2010,"2,153,110.00","14,472",100%,0,8
12/27/2010,1/2/2011,"2,228,235.00","14,472",100%,0,8
1/3/2011,1/9/2011,"1,588,456.00","14,472",100%,0,8
1/10/2011,1/16/2011,"1,540,868.00","14,228",98%,0,8
1/17/2011,1/23/2011,"1,401,082.00","13,972",97%,0,8
1/24/2011,1/30/2011,"1,308,560.00","13,332",92%,0,8
1/31/2011,2/6/2011,"1,214,880.00","12,883",89%,0,8
2/7/2011,2/13/2011,"1,436,121.00","14,024",97%,0,8
2/14/2011,2/20/2011,"1,526,036.00","14,100",97%,0,8
2/21/2011,2/27/2011,"1,660,095.00","14,472",100%,0,8
2/28/2011,3/6/2011,"1,388,574.00","14,202",98%,0,8
3/7/2011,3/13/2011,"1,545,232.00","14,472",100%,0,8
3/14/2011,3/20/2011,"1,670,779.00","14,472",100%,0,8
3/21/2011,3/27/2011,"1,627,422.00","14,472",100%,0,8
3/28/2011,4/3/2011,"1,623,653.00","14,472",100%,0,8
4/4/2011,4/10/2011,"1,646,991.00","14,454",100%,0,8
4/11/2011,4/17/2011,"1,663,270.00","14,410",100%,0,8
4/18/2011,4/24/2011,"1,843,855.00","14,472",100%,0,8
4/25/2011,5/1/2011,"1,736,420.00","14,472",100%,0,8
5/2/2011,5/8/2011,"1,599,916.00","14,277",99%,0,8
5/9/2011,5/15/2011,"1,606,974.00","14,206",98%,0,8
5/16/2011,5/22/2011,"1,696,763.00","14,472",100%,0,8
5/23/2011,5/29/2011,"1,732,752.00","14,472",100%,0,8
5/30/2011,6/5/2011,"1,705,602.00","14,472",100%,0,8
6/6/2011,6/12/2011,"1,752,076.00","14,472",100%,0,8
6/13/2011,6/19/2011,"1,775,427.00","14,472",100%,0,8
6/20/2011,6/26/2011,"1,830,739.00","14,472",100%,0,8
6/27/2011,7/3/2011,"1,835,710.00","14,400",100%,0,8
7/4/2011,7/10/2011,"1,867,819.00","14,472",100%,0,8
7/11/2011,7/17/2011,"1,863,700.00","14,459",100%,0,8
7/18/2011,7/24/2011,"1,882,731.00","14,472",100%,0,8
7/25/2011,7/31/2011,"1,892,399.00","14,472",100%,0,8
8/1/2011,8/7/2011,"1,887,489.00","14,472",100%,0,8
8/8/2011,8/14/2011,"1,886,230.00","14,442",100%,0,8
8/15/2011,8/21/2011,"1,820,989.00","14,159",98%,0,8
8/22/2011,8/28/2011,"1,031,290.00","8,485",94%,0,5
8/29/2011,9/4/2011,"1,602,104.00","13,679",95%,0,8
9/5/2011,9/11/2011,"1,253,990.00","12,193",84%,0,8
9/12/2011,9/18/2011,"1,479,369.00","13,861",96%,0,8
9/19/2011,9/25/2011,"1,561,913.00","14,119",98%,0,8
9/26/2011,10/2/2011,"1,593,748.00","14,318",99%,0,8
10/3/2011,10/9/2011,"1,656,867.00","14,149",98%,0,8
10/10/2011,10/16/2011,"1,675,421.00","14,428",100%,0,8
10/17/2011,10/23/2011,"1,698,824.00","14,454",100%,0,8
10/24/2011,10/30/2011,"1,629,545.00","14,327",99%,0,8
10/31/2011,11/6/2011,"1,535,611.00","13,841",96%,0,8
11/7/2011,11/13/2011,"1,646,583.00","13,996",97%,0,8
11/14/2011,11/20/2011,"1,535,489.00","13,316",92%,0,8
11/21/2011,11/27/2011,"2,205,025.00","14,472",100%,0,8
11/28/2011,12/4/2011,"1,656,955.00","13,290",92%,0,8
12/5/2011,12/11/2011,"1,777,817.00","14,170",98%,0,8
12/12/2011,12/18/2011,"1,762,301.00","13,644",94%,0,8
12/19/2011,12/25/2011,"2,107,015.00","14,368",99%,0,8
12/26/2011,1/1/2012,"2,712,535.00","16,281",100%,0,9
1/2/2012,1/8/2012,"1,850,216.00","14,197",98%,0,8
1/9/2012,1/15/2012,"1,792,976.00","14,468",100%,0,8
1/16/2012,1/22/2012,"1,534,111.00","13,944",96%,0,8
1/23/2012,1/29/2012,"1,503,461.00","13,718",95%,0,8
1/30/2012,2/5/2012,"1,349,433.00","13,118",91%,0,8
2/6/2012,2/12/2012,"1,508,501.00","14,109",97%,0,8
2/13/2012,2/19/2012,"1,903,024.00","14,448",100%,0,8
2/20/2012,2/26/2012,"1,872,679.00","14,472",100%,0,8
2/27/2012,3/4/2012,"1,501,011.00","13,683",95%,0,8
3/5/2012,3/11/2012,"1,662,595.00","14,245",98%,0,8
3/12/2012,3/18/2012,"1,942,288.00","14,472",100%,0,8
3/19/2012,3/25/2012,"1,808,773.00","14,068",97%,0,8
3/26/2012,4/1/2012,"1,841,661.00","14,002",97%,0,8
4/2/2012,4/8/2012,"2,183,025.00","14,472",100%,0,8
4/9/2012,4/15/2012,"2,153,975.00","14,472",100%,0,8
4/16/2012,4/22/2012,"1,800,949.00","14,042",97%,0,8
4/23/2012,4/29/2012,"1,742,571.00","13,646",94%,0,8
4/30/2012,5/6/2012,"1,643,258.00","13,368",92%,0,8
5/7/2012,5/13/2012,"1,579,314.00","12,679",88%,0,8
5/14/2012,5/20/2012,"1,831,193.00","14,264",99%,0,8
5/21/2012,5/27/2012,"1,896,633.00","14,436",100%,0,8
5/28/2012,6/3/2012,"1,802,133.00","14,258",99%,0,8
6/4/2012,6/10/2012,"1,990,184.00","14,287",99%,0,8
6/11/2012,6/17/2012,"1,980,203.00","14,146",98%,0,8
6/18/2012,6/24/2012,"2,038,405.00","14,091",97%,0,8
6/25/2012,7/1/2012,"2,033,004.00","14,075",97%,0,8
7/2/2012,7/8/2012,"1,920,563.00","13,836",96%,0,8
7/9/2012,7/15/2012,"1,980,214.00","14,088",97%,0,8
7/16/2012,7/22/2012,"2,145,917.00","15,307",94%,0,9
7/23/2012,7/29/2012,"2,055,433.00","14,225",98%,0,8
7/30/2012,8/5/2012,"2,013,559.00","14,030",97%,0,8
8/6/2012,8/12/2012,"2,147,461.00","15,470",95%,0,9
8/13/2012,8/19/2012,"1,818,537.00","13,148",91%,0,8
8/20/2012,8/26/2012,"1,690,150.00","12,774",88%,0,8
8/27/2012,9/2/2012,"1,700,412.00","13,609",94%,0,8
9/3/2012,9/9/2012,"1,313,195.00","12,350",85%,0,8
9/10/2012,9/16/2012,"1,435,082.00","13,449",93%,0,8
9/17/2012,9/23/2012,"1,495,735.00","13,562",94%,0,8
9/24/2012,9/30/2012,"1,536,124.00","13,437",93%,0,8
10/1/2012,10/7/2012,"1,806,846.00","14,463",100%,0,8
10/8/2012,10/14/2012,"1,691,769.00","14,468",100%,0,8
10/15/2012,10/21/2012,"1,717,002.00","14,458",100%,0,8
10/22/2012,10/28/2012,"1,657,271.00","14,173",98%,0,8
10/29/2012,11/4/2012,"1,166,275.00","10,149",80%,0,7
11/5/2012,11/11/2012,"1,506,283.00","12,560",87%,0,8
11/12/2012,11/18/2012,"1,598,476.00","13,243",92%,0,8
11/19/2012,11/25/2012,"2,290,819.00","14,051",97%,0,8
11/26/2012,12/2/2012,"1,696,781.00","12,403",86%,0,8
12/3/2012,12/9/2012,"1,825,121.00","13,043",90%,0,8
12/10/2012,12/16/2012,"1,866,094.00","13,452",93%,0,8
12/17/2012,12/23/2012,"2,100,170.00","13,426",93%,0,8
12/24/2012,12/30/2012,"2,947,172.00","16,281",100%,0,9
12/31/2012,1/6/2013,"2,106,339.00","14,420",100%,0,8
1/7/2013,1/13/2013,"1,519,043.00","13,586",94%,0,8
1/14/2013,1/20/2013,"1,700,024.00","13,768",95%,0,8
1/21/2013,1/27/2013,"1,493,804.00","14,184",98%,0,8
1/28/2013,2/3/2013,"1,419,249.00","14,091",97%,0,8
2/4/2013,2/10/2013,"1,355,055.00","13,067",90%,0,8
2/11/2013,2/17/2013,"1,875,920.00","14,116",98%,0,8
2/18/2013,2/24/2013,"1,657,584.00","13,874",96%,0,8
2/25/2013,3/3/2013,"1,544,023.00","14,468",100%,0,8
3/4/2013,3/10/2013,"1,663,310.00","14,330",99%,0,8
3/11/2013,3/17/2013,"1,950,727.00","14,409",100%,0,8
3/18/2013,3/24/2013,"1,940,002.00","14,161",98%,0,8
3/25/2013,3/31/2013,"2,633,547.00","16,281",100%,0,9
4/1/2013,4/7/2013,"2,257,034.00","14,290",99%,0,8
4/8/2013,4/14/2013,"1,749,291.00","14,090",97%,0,8
4/15/2013,4/21/2013,"1,810,911.00","14,375",99%,0,8
4/22/2013,4/28/2013,"1,735,066.00","14,083",97%,0,8
4/29/2013,5/5/2013,"1,651,541.00","13,589",94%,0,8
5/6/2013,5/12/2013,"1,697,007.00","13,967",97%,0,8
5/13/2013,5/19/2013,"1,748,141.00","13,881",96%,0,8
5/20/2013,5/26/2013,"1,858,318.00","14,430",100%,0,8
5/27/2013,6/2/2013,"1,776,282.00","13,947",96%,0,8
6/3/2013,6/9/2013,"1,770,507.00","13,035",90%,0,8
6/10/2013,6/16/2013,"1,849,045.00","13,338",92%,0,8
6/17/2013,6/23/2013,"2,041,391.00","15,093",93%,0,9
6/24/2013,6/30/2013,"1,985,154.00","13,934",96%,0,8
7/1/2013,7/7/2013,"1,893,488.00","14,090",97%,0,8
7/8/2013,7/14/2013,"1,986,489.00","15,005",92%,0,9
7/15/2013,7/21/2013,"1,907,228.00","14,009",97%,0,8
7/22/2013,7/28/2013,"2,088,425.00","15,664",96%,0,9
7/29/2013,8/4/2013,"1,880,559.00","13,958",96%,0,8
8/5/2013,8/11/2013,"2,053,281.00","15,614",96%,0,9
8/12/2013,8/18/2013,"1,871,050.00","13,880",96%,0,8
8/19/2013,8/25/2013,"1,708,781.00","13,223",91%,0,8
8/26/2013,9/1/2013,"1,692,789.00","13,169",91%,0,8
9/2/2013,9/8/2013,"1,373,885.00","13,339",92%,0,8
9/9/2013,9/15/2013,"1,452,909.00","13,995",97%,0,8
9/16/2013,9/22/2013,"1,471,059.00","12,987",90%,0,8
9/23/2013,9/29/2013,"1,467,774.00","12,923",89%,0,8
9/30/2013,10/6/2013,"1,543,608.00","13,328",92%,0,8
10/7/2013,10/13/2013,"1,874,654.00","14,430",100%,0,8
10/14/2013,10/20/2013,"1,719,816.00","14,256",99%,0,8
10/21/2013,10/27/2013,"1,693,555.00","14,318",99%,0,8
10/28/2013,11/3/2013,"1,736,957.00","14,472",100%,0,8
11/4/2013,11/10/2013,"1,864,819.00","15,175",100%,0,8
11/11/2013,11/17/2013,"1,587,882.00","13,681",95%,0,8
11/18/2013,11/24/2013,"1,632,849.00","13,449",93%,0,8
11/25/2013,12/1/2013,"2,625,327.00","16,678",98%,0,9
12/2/2013,12/8/2013,"2,036,322.00","15,261",100%,0,8
12/9/2013,12/15/2013,"1,971,945.00","15,008",99%,0,8
12/16/2013,12/22/2013,"2,153,098.00","14,486",97%,0,8
12/23/2013,12/29/2013,"3,201,333.00","17,352",100%,0,9
12/30/2013,1/5/2014,"2,454,630.00","15,424",100%,0,8
1/6/2014,1/12/2014,"1,679,996.00","14,561",97%,0,8
1/13/2014,1/19/2014,"1,749,967.00","14,273",99%,0,8
1/20/2014,1/26/2014,"1,598,920.00","15,044",98%,0,8
1/27/2014,2/2/2014,"1,403,247.00","13,810",95%,0,8
2/3/2014,2/9/2014,"1,493,721.00","13,992",97%,0,8
2/10/2014,2/16/2014,"1,803,846.00","13,810",95%,0,8
2/17/2014,2/23/2014,"1,765,925.00","15,141",100%,0,8
2/24/2014,3/2/2014,"1,539,830.00","15,237",99%,0,8
3/3/2014,3/9/2014,"1,667,093.00","14,782",97%,0,8
3/10/2014,3/16/2014,"1,861,649.00","14,686",97%,0,8
3/17/2014,3/23/2014,"1,874,352.00","15,318",99%,0,8
3/24/2014,3/30/2014,"1,946,536.00","15,423",100%,0,8
3/31/2014,4/6/2014,"1,806,067.00","14,901",98%,0,8
4/7/2014,4/13/2014,"1,930,362.00","15,275",99%,0,8
4/14/2014,4/20/2014,"2,769,554.00","17,352",100%,0,9
4/21/2014,4/27/2014,"2,074,749.00","14,320",99%,0,8
4/28/2014,5/4/2014,"1,732,110.00","14,910",97%,0,8
5/5/2014,5/11/2014,"1,736,317.00","14,711",97%,0,8
5/12/2014,5/18/2014,"1,755,218.00","15,036",97%,0,8
5/19/2014,5/25/2014,"1,881,975.00","15,316",99%,0,8
5/26/2014,6/1/2014,"1,804,729.00","14,670",97%,0,8
6/2/2014,6/8/2014,"1,924,272.00","15,195",99%,0,8
6/9/2014,6/15/2014,"1,969,827.00","15,271",99%,0,8
6/16/2014,6/22/2014,"2,027,347.00","15,424",100%,0,8
6/23/2014,6/29/2014,"2,107,598.00","15,354",100%,0,8
6/30/2014,7/6/2014,"1,988,092.00","15,387",100%,0,8
7/7/2014,7/13/2014,"1,936,778.00","15,014",97%,0,8
7/14/2014,7/20/2014,"1,966,367.00","15,375",100%,0,8
7/21/2014,7/27/2014,"2,012,891.00","15,423",100%,0,8
7/28/2014,8/3/2014,"2,181,109.00","16,746",97%,0,9
8/4/2014,8/10/2014,"2,059,477.00","15,400",100%,0,8
8/11/2014,8/17/2014,"2,026,702.00","15,771",94%,0,9
8/18/2014,8/24/2014,"1,795,268.00","14,077",97%,0,8
8/25/2014,8/31/2014,"1,708,228.00","13,727",95%,0,8
9/1/2014,9/7/2014,"1,340,668.00","13,507",93%,0,8
9/8/2014,9/14/2014,"1,462,840.00","14,352",99%,0,8
9/15/2014,9/21/2014,"1,356,354.00","12,694",88%,0,8
9/22/2014,9/28/2014,"1,386,090.00","12,923",89%,0,8
9/29/2014,10/5/2014,"1,406,222.00","13,235",91%,0,8
10/6/2014,10/12/2014,"1,806,175.00","14,715",96%,0,8
10/13/2014,10/19/2014,"1,680,849.00","14,440",100%,0,8
10/20/2014,10/26/2014,"1,489,079.00","13,258",92%,0,8
10/27/2014,11/2/2014,"1,329,813.00","12,097",84%,0,8
11/3/2014,11/9/2014,"1,621,169.00","13,524",93%,0,8
11/10/2014,11/16/2014,"1,361,772.00","12,283",85%,0,8
11/17/2014,11/23/2014,"1,452,509.00","12,670",88%,0,8
11/24/2014,11/30/2014,"2,432,132.00","15,714",97%,0,9
12/1/2014,12/7/2014,"1,814,918.00","13,954",96%,0,8
12/8/2014,12/14/2014,"1,746,037.00","13,554",94%,0,8
12/15/2014,12/21/2014,"1,986,719.00","14,284",99%,0,8
12/22/2014,12/28/2014,"2,903,309.00","16,257",100%,0,9
12/29/2014,1/4/2015,"2,740,642.00","15,403",100%,0,8
1/5/2015,1/11/2015,"1,593,224.00","13,591",94%,0,8
1/12/2015,1/18/2015,"1,684,664.00","14,310",99%,0,8
1/19/2015,1/25/2015,"1,500,725.00","14,236",98%,0,8
1/26/2015,2/1/2015,"1,291,035.00","12,829",89%,0,8
2/2/2015,2/8/2015,"1,262,017.00","12,266",85%,0,8
2/9/2015,2/15/2015,"1,586,692.00","12,583",87%,0,8
2/16/2015,2/22/2015,"1,646,631.00","14,771",97%,0,8
2/23/2015,3/1/2015,"1,204,467.00","11,905",82%,0,8
3/2/2015,3/8/2015,"1,352,213.00","12,457",86%,0,8
3/9/2015,3/15/2015,"1,818,766.00","15,024",98%,0,8
3/16/2015,3/22/2015,"1,855,247.00","15,214",99%,0,8
3/23/2015,3/29/2015,"1,872,149.00","14,604",95%,0,8
3/30/2015,4/5/2015,"2,358,372.00","15,857",91%,0,9
4/6/2015,4/12/2015,"2,181,861.00","14,678",96%,0,8
4/13/2015,4/19/2015,"1,655,749.00","14,065",93%,0,8
4/20/2015,4/26/2015,"1,741,459.00","14,847",96%,0,8
4/27/2015,5/3/2015,"1,387,456.00","12,512",87%,0,8
5/4/2015,5/10/2015,"1,469,322.00","13,067",90%,0,8
5/11/2015,5/17/2015,"1,601,725.00","13,959",97%,0,8
5/18/2015,5/24/2015,"1,776,153.00","15,155",98%,0,8
5/25/2015,5/31/2015,"1,670,922.00","13,830",96%,0,8
6/1/2015,6/7/2015,"1,737,141.00","14,228",98%,0,8
6/8/2015,6/14/2015,"1,954,144.00","15,332",100%,0,8
6/15/2015,6/21/2015,"1,947,674.00","15,331",100%,0,8
6/22/2015,6/28/2015,"2,047,143.00","15,175",98%,0,8
6/29/2015,7/5/2015,"1,864,235.00","14,732",96%,0,8
7/6/2015,7/12/2015,"1,900,091.00","14,729",96%,0,8
7/13/2015,7/19/2015,"2,167,815.00","16,815",98%,0,9
7/20/2015,7/26/2015,"2,002,632.00","15,201",99%,0,8
7/27/2015,8/2/2015,"2,118,401.00","16,175",94%,0,9
8/3/2015,8/9/2015,"1,980,056.00","15,071",98%,0,8
8/10/2015,8/16/2015,"1,913,037.00","14,845",97%,0,8
8/17/2015,8/23/2015,"1,751,974.00","13,912",93%,0,8
8/24/2015,8/30/2015,"1,492,152.00","12,334",85%,0,8
8/31/2015,9/6/2015,"1,560,536.00","12,920",89%,0,8
9/7/2015,9/13/2015,"1,472,236.00","14,570",95%,0,8
9/14/2015,9/20/2015,"1,570,535.00","15,248",99%,0,8
9/21/2015,9/27/2015,"1,426,156.00","13,083",91%,0,8
9/28/2015,10/4/2015,"1,454,570.00","12,969",90%,0,8
10/5/2015,10/11/2015,"1,765,268.00","14,280",99%,0,8
10/12/2015,10/18/2015,"1,720,707.00","14,626",96%,0,8
10/19/2015,10/25/2015,"1,621,057.00","13,860",96%,0,8
10/26/2015,11/1/2015,"1,346,650.00","12,327",85%,0,8
11/2/2015,11/8/2015,"1,583,873.00","13,540",94%,0,8
11/9/2015,11/15/2015,"1,646,787.00","14,312",99%,0,8
11/16/2015,11/22/2015,"1,508,157.00","12,931",89%,0,8
11/23/2015,11/29/2015,"2,290,873.00","15,099",93%,0,9
11/30/2015,12/6/2015,"1,683,339.00","13,544",94%,0,8
12/7/2015,12/13/2015,"1,732,290.00","13,927",96%,0,8
12/14/2015,12/20/2015,"1,903,218.00","14,197",98%,0,8
12/21/2015,12/27/2015,"2,400,920.00","14,798",99%,0,8
12/28/2015,1/3/2016,"2,940,096.00","17,119",99%,0,9
1/4/2016,1/10/2016,"1,552,322.00","13,123",91%,0,8
1/11/2016,1/17/2016,"1,590,318.00","13,432",93%,0,8
1/18/2016,1/24/2016,"983,150.00","10,375",96%,0,6
1/25/2016,1/31/2016,"1,469,622.00","14,440",100%,0,8
2/1/2016,2/7/2016,"1,429,696.00","14,557",97%,0,8
2/8/2016,2/14/2016,"1,695,453.00","14,060",97%,0,8
2/15/2016,2/21/2016,"1,747,324.00","14,838",99%,0,8
2/22/2016,2/28/2016,"1,295,960.00","12,055",83%,0,8
2/29/2016,3/6/2016,"1,337,007.00","12,268",85%,0,8
3/7/2016,3/13/2016,"1,662,470.00","14,103",98%,0,8
3/14/2016,3/20/2016,"1,934,807.00","15,226",99%,0,8
3/21/2016,3/27/2016,"2,532,613.00","16,940",98%,0,9
3/28/2016,4/3/2016,"2,215,826.00","15,018",97%,0,8
4/4/2016,4/10/2016,"1,676,579.00","14,143",98%,0,8
4/11/2016,4/17/2016,"1,612,361.00","13,637",94%,0,8
4/18/2016,4/24/2016,"1,660,014.00","13,810",96%,0,8
4/25/2016,5/1/2016,"1,625,910.00","13,753",95%,0,8
5/2/2016,5/8/2016,"1,474,349.00","12,691",88%,0,8
5/9/2016,5/15/2016,"1,478,453.00","13,157",91%,0,8
5/16/2016,5/22/2016,"1,673,967.00","14,208",98%,0,8
5/23/2016,5/29/2016,"1,744,424.00","13,700",95%,0,8
5/30/2016,6/5/2016,"1,684,817.00","13,270",92%,0,8
6/6/2016,6/12/2016,"1,859,038.00","14,510",97%,0,8
6/13/2016,6/19/2016,"1,818,372.00","14,014",97%,0,8
6/20/2016,6/26/2016,"1,969,159.00","14,629",98%,0,8
6/27/2016,7/3/2016,"1,863,121.00","13,874",96%,0,8
7/4/2016,7/10/2016,"1,758,107.00","13,259",92%,0,8
7/11/2016,7/17/2016,"1,780,497.00","13,969",97%,0,8
7/18/2016,7/24/2016,"1,896,987.00","14,589",98%,0,8
7/25/2016,7/31/2016,"1,899,742.00","14,484",97%,0,8
8/1/2016,8/7/2016,"1,927,412.00","15,295",94%,0,9
8/8/2016,8/14/2016,"1,779,664.00","13,804",95%,0,8
8/15/2016,8/21/2016,"1,575,605.00","12,627",87%,0,8
8/22/2016,8/28/2016,"1,458,862.00","11,960",83%,0,8
8/29/2016,9/4/2016,"1,408,374.00","12,120",84%,0,8
9/5/2016,9/11/2016,"1,393,168.00","14,814",99%,0,8
9/12/2016,9/18/2016,"1,500,094.00","15,341",100%,0,8
9/19/2016,9/25/2016,"1,285,548.00","11,739",81%,0,8
9/26/2016,10/2/2016,"1,368,350.00","12,209",84%,0,8
10/3/2016,10/9/2016,"1,719,802.00","13,829",96%,0,8
10/10/2016,10/16/2016,"1,653,148.00","14,039",97%,0,8
10/17/2016,10/23/2016,"1,682,068.00","14,325",99%,0,8
10/24/2016,10/30/2016,"1,456,974.00","13,182",91%,0,8
10/31/2016,11/6/2016,"1,435,835.00","12,497",86%,0,8
11/7/2016,11/13/2016,"1,752,417.00","14,427",100%,0,8
11/14/2016,11/20/2016,"1,481,062.00","12,588",87%,0,8
11/21/2016,11/27/2016,"2,286,976.00","14,234",98%,0,8
11/28/2016,12/4/2016,"1,736,046.00","13,132",91%,0,8
12/5/2016,12/11/2016,"1,909,374.00","14,632",98%,0,8
12/12/2016,12/18/2016,"2,092,270.00","14,912",100%,0,8
12/19/2016,12/25/2016,"2,245,595.00","14,649",98%,0,8
12/26/2016,1/1/2017,"3,162,603.00","17,298",100%,0,9
1/2/2017,1/8/2017,"1,845,325.00","14,992",97%,0,8
1/9/2017,1/15/2017,"1,668,863.00","13,405",93%,0,8
1/16/2017,1/22/2017,"1,609,037.00","15,096",98%,0,8
1/23/2017,1/29/2017,"1,511,001.00","15,046",98%,0,8
1/30/2017,2/5/2017,"1,464,623.00","14,799",99%,0,8
2/6/2017,2/12/2017,"1,306,187.00","12,268",85%,0,8
2/13/2017,2/19/2017,"1,807,973.00","14,192",98%,0,8
2/20/2017,2/26/2017,"1,764,072.00","14,642",98%,0,8
2/27/2017,3/5/2017,"1,515,568.00","14,021",97%,0,8
3/6/2017,3/12/2017,"1,697,075.00","14,911",100%,0,8
3/13/2017,3/19/2017,"1,913,854.00","15,318",99%,0,8
3/20/2017,3/26/2017,"1,838,772.00","15,218",99%,0,8
3/27/2017,4/2/2017,"1,875,410.00","15,080",98%,0,8
4/3/2017,4/9/2017,"1,898,005.00","15,021",97%,0,8
4/10/2017,4/16/2017,"2,554,030.00","17,077",99%,0,9
4/17/2017,4/23/2017,"1,972,644.00","13,896",96%,0,8
4/24/2017,4/30/2017,"1,591,560.00","13,750",95%,0,8
5/1/2017,5/7/2017,"1,539,527.00","13,161",91%,0,8
5/8/2017,5/14/2017,"1,641,456.00","14,031",97%,0,8
5/15/2017,5/21/2017,"1,730,401.00","14,737",99%,0,8
5/22/2017,5/28/2017,"1,803,868.00","14,957",97%,0,8
5/29/2017,6/4/2017,"1,862,923.00","15,046",98%,0,8
6/5/2017,6/11/2017,"1,929,353.00","15,349",100%,0,8
6/12/2017,6/18/2017,"1,959,694.00","15,351",100%,0,8
6/19/2017,6/25/2017,"1,975,981.00","15,402",100%,0,8
6/26/2017,7/2/2017,"2,000,408.00","15,856",97%,0,9
7/3/2017,7/9/2017,"1,920,520.00","15,125",98%,0,8
7/10/2017,7/16/2017,"1,900,445.00","14,960",97%,0,8
7/17/2017,7/23/2017,"1,948,437.00","15,193",99%,0,8
7/24/2017,7/30/2017,"1,996,228.00","15,395",100%,0,8
7/31/2017,8/6/2017,"1,952,642.00","15,226",99%,0,8
8/7/2017,8/13/2017,"2,066,330.00","16,358",94%,0,9
8/14/2017,8/20/2017,"1,792,574.00","14,169",98%,0,8
8/21/2017,8/27/2017,"1,608,955.00","13,356",92%,0,8
8/28/2017,9/3/2017,"1,674,670.00","13,799",95%,0,8
9/4/2017,9/10/2017,"1,420,778.00","14,154",98%,0,8
9/11/2017,9/17/2017,"1,492,477.00","14,542",97%,0,8
9/18/2017,9/24/2017,"1,408,133.00","12,343",85%,0,8
9/25/2017,10/1/2017,"1,419,065.00","12,684",88%,0,8
10/2/2017,10/8/2017,"1,869,463.00","14,658",98%,0,8
10/9/2017,10/15/2017,"1,767,617.00","14,625",98%,0,8
10/16/2017,10/22/2017,"1,695,922.00","14,305",99%,0,8
10/23/2017,10/29/2017,"1,524,660.00","13,775",95%,0,8
10/30/2017,11/5/2017,"1,514,501.00","13,006",90%,0,8
11/6/2017,11/12/2017,"1,629,694.00","13,916",96%,0,8
11/13/2017,11/19/2017,"1,464,141.00","13,443",93%,0,8
11/20/2017,11/26/2017,"2,401,024.00","15,044",98%,0,8
11/27/2017,12/3/2017,"1,825,028.00","13,927",96%,0,8
12/4/2017,12/10/2017,"1,894,095.00","14,432",100%,0,8
12/11/2017,12/17/2017,"2,000,828.00","14,652",98%,0,8
12/18/2017,12/24/2017,"2,220,606.00","15,312",99%,0,8
12/25/2017,12/31/2017,"3,301,067.00","17,334",100%,0,9
1/1/2018,1/7/2018,"1,926,621.00","15,014",97%,0,8
1/8/2018,1/14/2018,"1,646,233.00","13,743",95%,0,8
1/15/2018,1/21/2018,"1,583,593.00","15,116",98%,0,8
1/22/2018,1/28/2018,"1,497,083.00","15,163",98%,0,8
1/29/2018,2/4/2018,"1,369,479.00","14,864",100%,0,8
2/5/2018,2/11/2018,"1,311,395.00","13,235",92%,0,8
2/12/2018,2/18/2018,"1,818,771.00","14,666",98%,0,8
2/19/2018,2/25/2018,"1,744,347.00","14,894",100%,0,8
2/26/2018,3/4/2018,"1,375,941.00","13,944",96%,0,8
3/5/2018,3/11/2018,"1,572,946.00","14,753",99%,0,8
3/12/2018,3/18/2018,"1,877,627.00","15,322",99%,0,8
3/19/2018,3/25/2018,"1,815,639.00","15,134",98%,0,8
3/26/2018,4/1/2018,"2,723,040.00","17,190",99%,0,9
4/2/2018,4/8/2018,"2,390,664.00","15,399",100%,0,8
4/9/2018,4/15/2018,"1,744,175.00","14,599",98%,0,8
4/16/2018,4/22/2018,"1,798,728.00","15,085",98%,0,8
4/23/2018,4/29/2018,"1,651,308.00","14,250",99%,0,8
4/30/2018,5/6/2018,"1,493,289.00","13,063",90%,0,8
5/7/2018,5/13/2018,"1,541,991.00","13,372",93%,0,8
5/14/2018,5/20/2018,"1,749,587.00","14,963",97%,0,8
5/21/2018,5/27/2018,"1,805,838.00","15,168",98%,0,8
5/28/2018,6/3/2018,"1,854,648.00","15,241",99%,0,8
6/4/2018,6/10/2018,"1,923,023.00","15,351",100%,0,8
6/11/2018,6/17/2018,"1,945,441.00","15,306",99%,0,8
6/18/2018,6/24/2018,"1,982,377.00","15,370",100%,0,8
6/25/2018,7/1/2018,"1,963,807.00","15,089",98%,0,8
7/2/2018,7/8/2018,"1,981,742.00","14,756",99%,0,8
7/9/2018,7/15/2018,"1,864,640.00","14,626",98%,0,8
7/16/2018,7/22/2018,"1,958,763.00","15,339",100%,0,8
7/23/2018,7/29/2018,"2,199,140.00","17,190",99%,0,9
7/30/2018,8/5/2018,"1,921,398.00","15,231",99%,0,8
8/6/2018,8/12/2018,"1,899,969.00","14,977",97%,0,8
8/13/2018,8/19/2018,"1,760,385.00","14,092",97%,0,8
8/20/2018,8/26/2018,"1,467,931.00","12,874",89%,0,8
8/27/2018,9/2/2018,"1,539,772.00","13,057",90%,0,8
9/3/2018,9/9/2018,"1,406,291.00","15,007",97%,0,8
9/10/2018,9/16/2018,"1,460,436.00","15,312",99%,0,8
9/17/2018,9/23/2018,"1,311,801.00","11,664",81%,0,8
9/24/2018,9/30/2018,"1,335,224.00","11,864",82%,0,8
10/1/2018,10/7/2018,"1,773,676.00","14,030",97%,0,8
10/8/2018,10/14/2018,"1,649,536.00","13,749",95%,0,8
10/15/2018,10/21/2018,"1,704,955.00","14,185",98%,0,8
10/22/2018,10/28/2018,"1,545,030.00","13,461",93%,0,8
10/29/2018,11/4/2018,"1,676,014.00","13,508",93%,0,8
11/5/2018,11/11/2018,"1,770,608.00","14,601",98%,0,8
11/12/2018,11/18/2018,"1,527,418.00","13,538",94%,0,8
11/19/2018,11/25/2018,"2,478,106.00","14,974",97%,0,8
11/26/2018,12/2/2018,"1,874,882.00","14,266",99%,0,8
12/3/2018,12/9/2018,"2,000,580.00","14,667",98%,0,8
12/10/2018,12/16/2018,"2,045,142.00","14,867",100%,0,8
12/17/2018,12/23/2018,"2,264,992.00","15,340",100%,0,8
12/24/2018,12/30/2018,"3,411,819.00","17,334",100%,0,9
12/31/2018,1/6/2019,"2,040,256.00","15,058",98%,0,8
1/7/2019,1/13/2019,"1,403,103.00","13,109",91%,0,8
1/14/2019,1/20/2019,"1,478,702.00","13,411",93%,0,8
1/21/2019,1/27/2019,"1,532,751.00","14,283",99%,0,8
1/28/2019,2/3/2019,"1,363,202.00","14,227",98%,0,8
2/4/2019,2/10/2019,"1,445,083.00","14,667",98%,0,8
2/11/2019,2/17/2019,"1,644,307.00","13,906",96%,0,8
2/18/2019,2/24/2019,"1,609,708.00","13,269",92%,0,8
2/25/2019,3/3/2019,"1,350,938.00","13,126",91%,0,8
3/4/2019,3/10/2019,"1,555,919.00","14,596",98%,0,8
3/11/2019,3/17/2019,"1,836,854.00","15,398",100%,0,8
3/18/2019,3/24/2019,"1,937,089.00","15,388",100%,0,8
3/25/2019,3/31/2019,"1,925,972.00","15,377",100%,0,8
4/1/2019,4/7/2019,"1,833,162.00","14,911",100%,0,8
4/8/2019,4/14/2019,"1,756,669.00","14,339",99%,0,8
4/15/2019,4/21/2019,"2,633,078.00","16,930",98%,0,9
4/22/2019,4/28/2019,"2,001,066.00","14,173",98%,0,8
4/29/2019,5/5/2019,"1,610,389.00","13,911",96%,0,8
5/6/2019,5/12/2019,"1,588,434.00","13,482",93%,0,8
5/13/2019,5/19/2019,"1,660,962.00","14,160",98%,0,8
5/20/2019,5/26/2019,"1,751,069.00","14,559",98%,0,8
5/27/2019,6/2/2019,"1,818,939.00","14,438",100%,0,8
6/3/2019,6/9/2019,"1,960,837.00","15,237",99%,0,8
6/10/2019,6/16/2019,"1,924,730.00","15,109",98%,0,8
6/17/2019,6/23/2019,"1,992,828.00","15,237",99%,0,8
6/24/2019,6/30/2019,"1,884,103.00","14,901",100%,0,8
7/1/2019,7/7/2019,"1,917,159.00","14,626",98%,0,8
7/8/2019,7/14/2019,"1,574,763.00","12,733",98%,0,7
7/15/2019,7/21/2019,"1,917,793.00","15,189",99%,0,8
7/22/2019,7/28/2019,"2,076,615.00","16,334",98%,0,9
7/29/2019,8/4/2019,"1,839,043.00","14,377",99%,0,8
8/5/2019,8/11/2019,"1,766,537.00","14,135",98%,0,8
8/12/2019,8/18/2019,"1,598,241.00","12,971",90%,0,8
8/19/2019,8/25/2019,"1,398,361.00","11,855",82%,0,8
8/26/2019,9/1/2019,"1,511,003.00","13,018",90%,0,8
9/2/2019,9/8/2019,"1,351,233.00","14,037",97%,0,8
9/9/2019,9/15/2019,"1,451,092.00","14,549",97%,0,8
9/16/2019,9/22/2019,"1,308,200.00","11,835",82%,0,8
9/23/2019,9/29/2019,"1,376,195.00","12,604",87%,0,8
9/30/2019,10/6/2019,"1,307,871.00","12,051",83%,0,8
10/7/2019,10/13/2019,"1,839,657.00","15,099",98%,0,8
10/14/2019,10/20/2019,"1,677,867.00","14,302",99%,0,8
10/21/2019,10/27/2019,"1,486,185.00","13,823",96%,0,8
10/28/2019,11/3/2019,"1,441,624.00","13,490",93%,0,8
11/4/2019,11/10/2019,"1,612,020.00","14,095",98%,0,8
11/11/2019,11/17/2019,"1,324,359.00","11,999",83%,0,8
11/18/2019,11/24/2019,"1,585,415.00","13,550",94%,0,8
11/25/2019,12/1/2019,"2,200,777.00","14,383",99%,0,8
12/2/2019,12/8/2019,"1,929,278.00","14,522",97%,0,8
12/9/2019,12/15/2019,"2,022,209.00","15,098",98%,0,8
12/16/2019,12/22/2019,"2,401,820.00","15,408",100%,0,8
12/23/2019,12/29/2019,"3,217,944.00","17,334",100%,0,9
12/30/2019,1/5/2020,"2,200,110.00","15,358",100%,0,8
1/6/2020,1/12/2020,"1,337,825.00","13,287",92%,0,8
1/13/2020,1/19/2020,"1,472,994.00","13,605",94%,0,8
1/20/2020,1/26/2020,"1,469,431.00","14,296",99%,0,8
1/27/2020,2/2/2020,"1,301,830.00","14,397",100%,0,8
2/3/2020,2/9/2020,"1,410,132.00","14,964",97%,0,8
2/10/2020,2/16/2020,"1,528,895.00","13,723",95%,0,8
2/17/2020,2/23/2020,"1,602,999.00","14,485",97%,0,8
2/24/2020,3/1/2020,"1,202,090.00","12,479",86%,0,8
3/2/2020,3/8/2020,"1,254,306.00","12,981",90%,0,8
3/9/2020,9/12/2021,NA,0,0%,0,0
9/13/2021,9/19/2021,"1,858,965.00","13,482",100%,0,7
9/20/2021,9/26/2021,"1,775,297.00","13,480",100%,0,7
9/27/2021,10/3/2021,"1,650,078.00","12,695",98%,0,7
10/4/2021,10/10/2021,"2,085,152.00","15,374",100%,0,8
10/11/2021,10/17/2021,"1,920,067.00","15,126",98%,0,8
10/18/2021,10/24/2021,"1,763,791.00","14,247",99%,0,8
10/25/2021,10/31/2021,"1,479,824.00","12,380",86%,0,8
11/1/2021,11/7/2021,"1,666,845.00","13,957",97%,0,8
11/8/2021,11/14/2021,"1,746,888.00","14,294",99%,0,8
11/15/2021,11/21/2021,"1,630,228.00","13,347",92%,0,8
11/22/2021,11/28/2021,"2,371,988.00","15,391",100%,0,8
11/29/2021,12/5/2021,"1,123,827.00","8,541",95%,0,5
12/6/2021,12/12/2021,"2,112,165.00","15,039",98%,0,8
12/13/2021,12/19/2021,"2,156,392.00","15,216",99%,0,8
12/20/2021,12/26/2021,"2,564,850.00","15,347",100%,0,8
12/27/2021,1/2/2022,"2,780,165.00","16,697",96%,0,9
1/3/2022,1/9/2022,"1,123,096.00","9,820",68%,0,8
1/10/2022,1/16/2022,"1,088,026.00","9,726",67%,0,8
1/17/2022,1/23/2022,"1,030,381.00","10,423",82%,0,7
1/24/2022,1/30/2022,"910,557.00","9,704",77%,0,7
1/31/2022,2/6/2022,"1,136,320.00","11,387",90%,0,7
2/7/2022,2/13/2022,"1,272,705.00","12,397",98%,0,7
2/14/2022,2/20/2022,"1,498,822.00","12,339",98%,0,7
2/21/2022,2/27/2022,"1,586,470.00","13,618",94%,0,8
2/28/2022,3/6/2022,"1,132,287.00","10,578",84%,0,7
3/7/2022,3/13/2022,"1,504,749.00","13,495",93%,0,8
3/14/2022,3/20/2022,"1,944,704.00","14,901",100%,0,8
3/21/2022,3/27/2022,"1,855,219.00","14,640",98%,0,8
3/28/2022,4/3/2022,"1,739,736.00","13,949",96%,0,8
4/4/2022,4/10/2022,"1,866,191.00","14,230",98%,0,8
4/11/2022,4/17/2022,"2,314,088.00","15,948",98%,0,9
4/18/2022,4/24/2022,"1,908,644.00","13,958",97%,0,8
4/25/2022,5/1/2022,"1,196,763.00","10,609",73%,0,8
5/2/2022,5/8/2022,"1,341,127.00","11,264",78%,0,8
5/9/2022,5/15/2022,"1,361,373.00","11,040",76%,0,8
5/16/2022,5/22/2022,"1,572,052.00","12,754",88%,0,8
5/23/2022,5/29/2022,"1,780,207.00","13,662",95%,0,8
5/30/2022,6/5/2022,"1,691,594.00","13,476",93%,0,8
6/6/2022,6/12/2022,"1,861,096.00","14,273",99%,0,8
6/13/2022,6/19/2022,"1,894,999.00","14,532",97%,0,8
6/20/2022,6/26/2022,"1,968,156.00","14,702",98%,0,8
6/27/2022,7/3/2022,"1,826,026.00","13,924",96%,0,8
7/4/2022,7/10/2022,"1,595,480.00","12,280",85%,0,8
7/11/2022,7/17/2022,"1,767,432.00","13,379",93%,0,8
7/18/2022,7/24/2022,"1,846,484.00","13,867",96%,0,8
7/25/2022,7/31/2022,"1,936,020.00","14,649",90%,0,9
8/1/2022,8/7/2022,"1,705,618.00","13,049",90%,0,8
8/8/2022,8/14/2022,"1,562,630.00","12,192",84%,0,8
8/15/2022,8/21/2022,"1,590,189.00","12,694",88%,0,8
8/22/2022,8/28/2022,"1,353,948.00","11,690",81%,0,8
8/29/2022,9/4/2022,"1,534,385.00","12,626",87%,0,8
9/5/2022,9/11/2022,"1,360,100.00","13,119",91%,0,8
9/12/2022,9/18/2022,"1,414,988.00","13,349",92%,0,8
9/19/2022,9/25/2022,"1,496,981.00","14,083",97%,0,8
9/26/2022,10/2/2022,"1,328,656.00","12,124",84%,0,8
10/3/2022,10/9/2022,"1,839,357.00","14,276",99%,0,8
10/10/2022,10/16/2022,"1,726,236.00","14,504",97%,0,8
10/17/2022,10/23/2022,"1,610,381.00","13,711",95%,0,8
10/24/2022,10/30/2022,"1,346,056.00","12,330",85%,0,8
10/31/2022,11/6/2022,"1,413,132.00","12,734",88%,0,8
11/7/2022,11/13/2022,"1,704,565.00","14,094",97%,0,8
11/14/2022,11/20/2022,"1,619,326.00","13,363",92%,0,8
11/21/2022,11/27/2022,"2,320,543.00","14,744",99%,0,8
11/28/2022,12/4/2022,"1,824,793.00","13,823",96%,0,8
12/5/2022,12/11/2022,"2,083,245.00","15,237",99%,0,8
12/12/2022,12/18/2022,"2,159,025.00","15,265",99%,0,8
12/19/2022,12/25/2022,"2,362,930.00","15,120",98%,0,8
12/26/2022,1/1/2023,"3,152,679.00","17,334",100%,0,9
1/2/2023,1/8/2023,"1,982,764.00","15,299",99%,0,8
1/9/2023,1/15/2023,"1,667,292.00","13,755",95%,0,8
1/16/2023,1/22/2023,"1,657,437.00","14,492",97%,0,8
1/23/2023,1/29/2023,"1,549,247.00","14,201",98%,0,8
1/30/2023,2/5/2023,"1,492,755.00","14,254",99%,0,8
2/6/2023,2/12/2023,"1,466,260.00","14,808",99%,0,8
2/13/2023,2/19/2023,"1,791,292.00","13,921",96%,0,8
2/20/2023,2/26/2023,"1,781,581.00","14,633",98%,0,8
2/27/2023,3/5/2023,"1,388,296.00","12,824",89%,0,8
3/6/2023,3/12/2023,"1,689,369.00","14,693",98%,0,8
3/13/2023,3/19/2023,"2,038,192.00","15,383",100%,0,8
3/20/2023,3/26/2023,"1,878,920.00","14,853",99%,0,8
3/27/2023,4/2/2023,"2,001,359.00","15,346",100%,0,8
4/3/2023,4/9/2023,"2,751,659.00","17,327",100%,0,9
4/10/2023,4/16/2023,"2,251,012.00","15,258",99%,0,8
4/17/2023,4/23/2023,"1,732,716.00","14,084",97%,0,8
4/24/2023,4/30/2023,"1,652,822.00","13,722",95%,0,8
5/1/2023,5/7/2023,"1,484,958.00","12,479",86%,0,8
5/8/2023,5/14/2023,"1,500,186.00","12,539",87%,0,8
5/15/2023,5/21/2023,"1,678,944.00","13,885",96%,0,8
5/22/2023,5/28/2023,"1,825,756.00","14,749",99%,0,8
5/29/2023,6/4/2023,"1,873,517.00","14,764",99%,0,8
6/5/2023,6/11/2023,"1,954,264.00","15,170",98%,0,8
6/12/2023,6/18/2023,"1,985,112.00","15,251",99%,0,8
6/19/2023,6/25/2023,"1,993,797.00","15,222",99%,0,8
6/26/2023,7/2/2023,"1,880,218.00","14,379",99%,0,8
7/3/2023,7/9/2023,"1,967,790.00","14,866",100%,0,8
7/10/2023,7/16/2023,"1,802,596.00","13,831",96%,0,8
7/17/2023,7/23/2023,"1,916,041.00","14,554",97%,0,8
7/24/2023,7/30/2023,"2,139,425.00","16,451",98%,0,9
7/31/2023,8/6/2023,"1,910,102.00","14,585",98%,0,8
8/7/2023,8/13/2023,"1,808,293.00","13,876",96%,0,8
8/14/2023,8/20/2023,"1,559,480.00","12,433",86%,0,8
8/21/2023,8/27/2023,"1,514,362.00","12,475",86%,0,8
8/28/2023,9/3/2023,"1,697,027.00","13,559",94%,0,8
9/4/2023,9/10/2023,"1,487,873.00","13,879",96%,0,8
9/11/2023,9/17/2023,"1,526,289.00","14,186",98%,0,8
9/18/2023,9/24/2023,"1,321,960.00","11,126",77%,0,8
9/25/2023,10/1/2023,"1,420,368.00","11,817",82%,0,8
10/2/2023,10/8/2023,"1,926,142.00","14,207",98%,0,8
10/9/2023,10/15/2023,"1,906,835.00","14,973",97%,0,8
10/16/2023,10/22/2023,"1,809,977.00","14,499",97%,0,8
10/23/2023,10/29/2023,"1,922,483.00","14,023",97%,0,8